[
    {
        "district": "Ariyalur",
        "name": "Government Headquarters Hospital, Ariyalur",
        "location": "Ariyalur, Tamil Nadu",
        "phone": "04329-299337",
        "map_url": "https://www.google.com/maps/search/Government+Headquarters+Hospital+Ariyalur"
    },
    {
        "district": "Chennai",
        "name": "Government Rajiv Gandhi Medical College Hospital",
        "location": "Park Town, Chennai",
        "phone": "044-25305000",
        "map_url": "https://www.google.com/maps/search/Rajiv+Gandhi+Government+General+Hospital+Chennai"
    },
    {
        "district": "Chennai",
        "name": "Government Stanley Medical College Hospital",
        "location": "Chennai",
        "phone": "044-25281347",
        "map_url": "https://www.google.com/maps/search/Government+Stanley+Medical+College+Hospital+Chennai"
    },
    {
        "district": "Chennai",
        "name": "Institute of Child Health & Hospital for Children",
        "location": "Egmore, Chennai",
        "phone": "044-28191135",
        "map_url": "https://www.google.com/maps/search/Institute+of+Child+Health+Hospital+for+Children+Chennai"
    },
    {
        "district": "Chennai",
        "name": "Government Kilpauk Medical College Hospital",
        "location": "Kilpauk, Chennai",
        "phone": "044-28364951",
        "map_url": "https://www.google.com/maps/search/Government+Kilpauk+Medical+College+Hospital+Chennai"
    },
    {
        "district": "Chennai",
        "name": "Government Royapettah Hospital",
        "location": "Chennai",
        "phone": "",
        "map_url": "https://www.google.com/maps/search/Government+Royapettah+Hospital+Chennai"
    },
    {
        "district": "Chennai",
        "name": "Institute Of Obstetrics And Gynaecology & Govt. Hospital For Women & Children",
        "location": "Egmore, Chennai",
        "phone": "044-28191982",
        "map_url": "https://www.google.com/maps/search/Institute+Of+Obstetrics+And+Gynaecology+Chennai"
    },
    {
        "district": "Chennai",
        "name": "Government Kasturba Gandhi Hospital For Women & Children",
        "location": "Chennai",
        "phone": "",
        "map_url": "https://www.google.com/maps/search/Government+Kasturba+Gandhi+Hospital+Chennai"
    },
    {
        "district": "Chennai",
        "name": "Government Peripheral Hospital, Anna Nagar",
        "location": "Anna Nagar, Chennai",
        "phone": "",
        "map_url": "https://www.google.com/maps/search/Government+Peripheral+Hospital+Anna+Nagar"
    },
    {
        "district": "Chennai",
        "name": "ESI Hospital, Ayanavaram",
        "location": "Ayanavaram, Chennai",
        "phone": "044-26640090",
        "map_url": "https://www.google.com/maps/search/ESI+Hospital+Ayanavaram"
    },
    {
        "district": "Chennai",
        "name": "Government RSRM Hospital",
        "location": "Royapuram, Chennai",
        "phone": "",
        "map_url": "https://www.google.com/maps/search/Government+RSRM+Hospital+Chennai"
    },
    {
        "district": "Chennai",
        "name": "MGR University Blood Bank",
        "location": "Chennai",
        "phone": "",
        "map_url": "https://www.google.com/maps/search/MGR+University+Blood+Bank+Chennai"
    },
    {
        "district": "Coimbatore",
        "name": "Government Medical College Hospital Coimbatore",
        "location": "Coimbatore",
        "phone": "0422-2301393",
        "map_url": "https://www.google.com/maps/search/Government+Medical+College+Hospital+Coimbatore"
    },
    {
        "district": "Coimbatore",
        "name": "Government Hospital, Pollachi",
        "location": "Pollachi",
        "phone": "04259-225366",
        "map_url": "https://www.google.com/maps/search/Government+Hospital+Pollachi"
    },
    {
        "district": "Coimbatore",
        "name": "Government Hospital, Mettupalayam",
        "location": "Mettupalayam",
        "phone": "04254-222027",
        "map_url": "https://www.google.com/maps/search/Government+Hospital+Mettupalayam"
    },
    {
        "district": "Coimbatore",
        "name": "ESI Hospital Coimbatore",
        "location": "Coimbatore",
        "phone": "0422-2574391",
        "map_url": "https://www.google.com/maps/search/ESI+Hospital+Coimbatore"
    },
    {
        "district": "Cuddalore",
        "name": "Government Headquarters Hospital, Cuddalore",
        "location": "Cuddalore",
        "phone": "04142-223355",
        "map_url": "https://www.google.com/maps/search/Government+Headquarters+Hospital+Cuddalore"
    },
    {
        "district": "Cuddalore",
        "name": "Government Hospital, Chidambaram",
        "location": "Chidambaram",
        "phone": "",
        "map_url": "https://www.google.com/maps/search/Government+Hospital+Chidambaram"
    },
    {
        "district": "Cuddalore",
        "name": "Government Hospital, Virudhachalam",
        "location": "Virudhachalam",
        "phone": "",
        "map_url": "https://www.google.com/maps/search/Government+Hospital+Virudhachalam"
    },
    {
        "district": "Dharmapuri",
        "name": "Government Medical College Hospital Dharmapuri",
        "location": "Dharmapuri",
        "phone": "",
        "map_url": "https://www.google.com/maps/search/Government+Medical+College+Hospital+Dharmapuri"
    },
    {
        "district": "Dindigul",
        "name": "Government Headquarters Hospital, Dindigul",
        "location": "Dindigul",
        "phone": "",
        "map_url": "https://www.google.com/maps/search/Government+Headquarters+Hospital+Dindigul"
    },
    {
        "district": "Dindigul",
        "name": "Government Hospital, Palani",
        "location": "Palani",
        "phone": "",
        "map_url": "https://www.google.com/maps/search/Government+Hospital+Palani"
    },
    {
        "district": "Erode",
        "name": "Government Headquarters Hospital, Erode",
        "location": "Erode",
        "phone": "",
        "map_url": "https://www.google.com/maps/search/Government+Headquarters+Hospital+Erode"
    },
    {
        "district": "Erode",
        "name": "Government Hospital, Gobichettipalayam",
        "location": "Gobichettipalayam",
        "phone": "",
        "map_url": "https://www.google.com/maps/search/Government+Hospital+Gobichettipalayam"
    },
    {
        "district": "Kancheepuram",
        "name": "Government Medical College Hospital Chengalpattu",
        "location": "Chengalpattu",
        "phone": "",
        "map_url": "https://www.google.com/maps/search/Government+Medical+College+Hospital+Chengalpattu"
    },
    {
        "district": "Kancheepuram",
        "name": "Government Arignar Anna Memorial Cancer Hospital, Karapettai",
        "location": "Karapettai",
        "phone": "",
        "map_url": "https://www.google.com/maps/search/Government+Arignar+Anna+Cancer+Hospital+Karapettai"
    },
    {
        "district": "Kancheepuram",
        "name": "Government Headquarters Hospital, Kancheepuram",
        "location": "Kancheepuram",
        "phone": "",
        "map_url": "https://www.google.com/maps/search/Government+Headquarters+Hospital+Kancheepuram"
    },
    {
        "district": "Kancheepuram",
        "name": "Government Hospital, Maduranthagam",
        "location": "Maduranthagam",
        "phone": "",
        "map_url": "https://www.google.com/maps/search/Government+Hospital+Maduranthagam"
    },
    {
        "district": "Kancheepuram",
        "name": "Government Hospital, Tambaram at Chrompet",
        "location": "Chrompet",
        "phone": "",
        "map_url": "https://www.google.com/maps/search/Government+Hospital+Tambaram+Chrompet"
    },
    {
        "district": "Kanyakumari",
        "name": "Government Medical College Hospital Kanyakumari",
        "location": "Nagercoil",
        "phone": "",
        "map_url": "https://www.google.com/maps/search/Government+Medical+College+Hospital+Kanyakumari"
    },
    {
        "district": "Kanyakumari",
        "name": "Government Headquarters Hospital, Padmanabhapuram",
        "location": "Padmanabhapuram",
        "phone": "",
        "map_url": "https://www.google.com/maps/search/Government+Headquarters+Hospital+Padmanabhapuram"
    },
    {
        "district": "Karur",
        "name": "Government Medical College Hospital Karur",
        "location": "Karur",
        "phone": "",
        "map_url": "https://www.google.com/maps/search/Government+Medical+College+Hospital+Karur"
    },
    {
        "district": "Krishnagiri",
        "name": "Government Headquarters Hospital, Krishnagiri",
        "location": "Krishnagiri",
        "phone": "",
        "map_url": "https://www.google.com/maps/search/Government+Headquarters+Hospital+Krishnagiri"
    },
    {
        "district": "Krishnagiri",
        "name": "Government Hospital, Hosur",
        "location": "Hosur",
        "phone": "",
        "map_url": "https://www.google.com/maps/search/Government+Hospital+Hosur"
    },
    {
        "district": "Madurai",
        "name": "Government Rajaji Hospital",
        "location": "Madurai",
        "phone": "",
        "map_url": "https://www.google.com/maps/search/Government+Rajaji+Hospital+Madurai"
    },
    {
        "district": "Madurai",
        "name": "Government Headquarters Hospital, Usilampatti",
        "location": "Usilampatti",
        "phone": "",
        "map_url": "https://www.google.com/maps/search/Government+Headquarters+Hospital+Usilampatti"
    },
    {
        "district": "Nagapattinam",
        "name": "Government Headquarters Hospital, Nagapattinam",
        "location": "Nagapattinam",
        "phone": "",
        "map_url": "https://www.google.com/maps/search/Government+Headquarters+Hospital+Nagapattinam"
    },
    {
        "district": "Nagapattinam",
        "name": "Government Hospital, Mayiladuthurai",
        "location": "Mayiladuthurai",
        "phone": "",
        "map_url": "https://www.google.com/maps/search/Government+Hospital+Mayiladuthurai"
    },
    {
        "district": "Namakkal",
        "name": "Government Hospital, Tiruchengode",
        "location": "Tiruchengode",
        "phone": "",
        "map_url": "https://www.google.com/maps/search/Government+Hospital+Tiruchengode"
    },
    {
        "district": "Namakkal",
        "name": "Government Headquarters Hospital, Namakkal",
        "location": "Namakkal",
        "phone": "",
        "map_url": "https://www.google.com/maps/search/Government+Headquarters+Hospital+Namakkal"
    },
    {
        "district": "Namakkal",
        "name": "Government Hospital, Rasipuram",
        "location": "Rasipuram",
        "phone": "",
        "map_url": "https://www.google.com/maps/search/Government+Hospital+Rasipuram"
    },
    {
        "district": "Nilgiris",
        "name": "Government Headquarters Hospital, Ooty",
        "location": "Ooty",
        "phone": "",
        "map_url": "https://www.google.com/maps/search/Government+Headquarters+Hospital+Ooty"
    },
    {
        "district": "Nilgiris",
        "name": "Government Hospital, Coonoor",
        "location": "Coonoor",
        "phone": "",
        "map_url": "https://www.google.com/maps/search/Government+Hospital+Coonoor"
    },
    {
        "district": "Nilgiris",
        "name": "Government Hospital, Gudalur",
        "location": "Gudalur",
        "phone": "",
        "map_url": "https://www.google.com/maps/search/Government+Hospital+Gudalur"
    },
    {
        "district": "Perambalur",
        "name": "Government Headquarters Hospital, Perambalur",
        "location": "Perambalur",
        "phone": "",
        "map_url": "https://www.google.com/maps/search/Government+Headquarters+Hospital+Perambalur"
    },
    {
        "district": "Pudukkottai",
        "name": "Government Headquarters Hospital, Pudukottai",
        "location": "Pudukottai",
        "phone": "",
        "map_url": "https://www.google.com/maps/search/Government+Headquarters+Hospital+Pudukottai"
    },
    {
        "district": "Pudukkottai",
        "name": "Government Hospital, Aranthangi",
        "location": "Aranthangi",
        "phone": "",
        "map_url": "https://www.google.com/maps/search/Government+Hospital+Aranthangi"
    },
    {
        "district": "Ramnad",
        "name": "Government Headquarters Hospital, Ramanathapuram",
        "location": "Ramanathapuram",
        "phone": "",
        "map_url": "https://www.google.com/maps/search/Government+Headquarters+Hospital+Ramanathapuram"
    },
    {
        "district": "Salem",
        "name": "Government Mohan Kumaramangalam Medical College Hospital",
        "location": "Salem",
        "phone": "0427-2381300",
        "map_url": "https://www.google.com/maps/search/Government+Mohan+Kumaramangalam+Medical+College+Hospital+Salem"
    },
    {
        "district": "Salem",
        "name": "Government Headquarters Hospital, Mettur Dam",
        "location": "Mettur",
        "phone": "",
        "map_url": "https://www.google.com/maps/search/Government+Headquarters+Hospital+Mettur"
    },
    {
        "district": "Salem",
        "name": "Government Hospital, Athoor",
        "location": "Athoor",
        "phone": "",
        "map_url": "https://www.google.com/maps/search/Government+Hospital+Athoor"
    },
    {
        "district": "Sivagangai",
        "name": "Government Headquarters Hospital, Karaikudi",
        "location": "Karaikudi",
        "phone": "",
        "map_url": "https://www.google.com/maps/search/Government+Headquarters+Hospital+Karaikudi"
    },
    {
        "district": "Sivagangai",
        "name": "Government Medical College Hospital,Sivagangai",
        "location": "Sivagangai",
        "phone": "",
        "map_url": "https://www.google.com/maps/search/Government+Medical+College+Hospital+Sivagangai"
    },
    {
        "district": "Thanjavur",
        "name": "Government Medical College Hospital Thanjavur",
        "location": "Thanjavur",
        "phone": "",
        "map_url": "https://www.google.com/maps/search/Government+Medical+College+Hospital+Thanjavur"
    },
    {
        "district": "Thanjavur",
        "name": "Government Raja Mirasdar Hospital,Thanjavur",
        "location": "Thanjavur",
        "phone": "",
        "map_url": "https://www.google.com/maps/search/Government+Raja+Mirasdar+Hospital+Thanjavur"
    },
    {
        "district": "Thanjavur",
        "name": "Government Headquarters Hospital, Kumbakonam",
        "location": "Kumbakonam",
        "phone": "",
        "map_url": "https://www.google.com/maps/search/Government+Headquarters+Hospital+Kumbakonam"
    },
    {
        "district": "Thanjavur",
        "name": "Government Hospital, Pattukottai",
        "location": "Pattukottai",
        "phone": "",
        "map_url": "https://www.google.com/maps/search/Government+Hospital+Pattukottai"
    },
    {
        "district": "Theni",
        "name": "Government Medical College Hospital Theni",
        "location": "Theni",
        "phone": "",
        "map_url": "https://www.google.com/maps/search/Government+Medical+College+Hospital+Theni"
    },
    {
        "district": "Theni",
        "name": "Government Headquarters Hospital,Periyakulam",
        "location": "Periyakulam",
        "phone": "",
        "map_url": "https://www.google.com/maps/search/Government+Headquarters+Hospital+Periyakulam"
    },
    {
        "district": "Thiruvallur",
        "name": "Government Headquarters Hospital,Thiruvallur",
        "location": "Thiruvallur",
        "phone": "",
        "map_url": "https://www.google.com/maps/search/Government+Headquarters+Hospital+Thiruvallur"
    },
    {
        "district": "Tiruvannamalai",
        "name": "Government Medical College Hospital Tiruvannamalai",
        "location": "Tiruvannamalai",
        "phone": "",
        "map_url": "https://www.google.com/maps/search/Government+Medical+College+Hospital+Tiruvannamalai"
    },
    {
        "district": "Tirunelveli",
        "name": "Government Medical College Hospital Tirunelveli",
        "location": "Tirunelveli",
        "phone": "",
        "map_url": "https://www.google.com/maps/search/Government+Medical+College+Hospital+Tirunelveli"
    },
    {
        "district": "Tirunelveli",
        "name": "Government Headquarters Hospital,Tenkasi",
        "location": "Tenkasi",
        "phone": "",
        "map_url": "https://www.google.com/maps/search/Government+Headquarters+Hospital+Tenkasi"
    },
    {
        "district": "Tirunelveli",
        "name": "Government Hospital, Sankarankovil",
        "location": "Sankarankovil",
        "phone": "",
        "map_url": "https://www.google.com/maps/search/Government+Hospital+Sankarankovil"
    },
    {
        "district": "Tirunelveli",
        "name": "Government Hospital, Ambasamudram",
        "location": "Ambasamudram",
        "phone": "",
        "map_url": "https://www.google.com/maps/search/Government+Hospital+Ambasamudram"
    },
    {
        "district": "Tirupur",
        "name": "Government Headquarters Hospital, Tirupur",
        "location": "Tirupur",
        "phone": "",
        "map_url": "https://www.google.com/maps/search/Government+Headquarters+Hospital+Tirupur"
    },
    {
        "district": "Tirupur",
        "name": "Government Hospital, Udumalpet",
        "location": "Udumalpet",
        "phone": "",
        "map_url": "https://www.google.com/maps/search/Government+Hospital+Udumalpet"
    },
    {
        "district": "Tirupur",
        "name": "Government Hospital, Dharapuram",
        "location": "Dharapuram",
        "phone": "",
        "map_url": "https://www.google.com/maps/search/Government+Hospital+Dharapuram"
    },
    {
        "district": "Thiruvarur",
        "name": "Government Medical College Hospital Thiruvarur",
        "location": "Thiruvarur",
        "phone": "",
        "map_url": "https://www.google.com/maps/search/Government+Medical+College+Hospital+Thiruvarur"
    },
    {
        "district": "Trichy",
        "name": "Annal Gandhi Memorial Govt. Hospital,Trichy",
        "location": "Trichy",
        "phone": "",
        "map_url": "https://www.google.com/maps/search/Annal+Gandhi+Memorial+Government+Hospital+Trichy"
    },
    {
        "district": "Trichy",
        "name": "Government Headquarters Hospital, Manapparai",
        "location": "Manapparai",
        "phone": "",
        "map_url": "https://www.google.com/maps/search/Government+Headquarters+Hospital+Manapparai"
    },
    {
        "district": "Tuticorin",
        "name": "Government Medical College Hospital Tuticorin",
        "location": "Tuticorin",
        "phone": "",
        "map_url": "https://www.google.com/maps/search/Government+Medical+College+Hospital+Tuticorin"
    },
    {
        "district": "Tuticorin",
        "name": "Government Headquarters Hospital, Kovilpatti",
        "location": "Kovilpatti",
        "phone": "",
        "map_url": "https://www.google.com/maps/search/Government+Headquarters+Hospital+Kovilpatti"
    },
    {
        "district": "Tiruchendur",
        "name": "Government Hospital, Blood Bank",
        "location": "Tiruchendur",
        "phone": "",
        "map_url": "https://www.google.com/maps/search/Government+Hospital+Tiruchendur"
    },
    {
        "district": "Vellore",
        "name": "Government Medical College Hospital Vellore",
        "location": "Vellore",
        "phone": "0416-2260900",
        "map_url": "https://www.google.com/maps/search/Government+Medical+College+Hospital+Vellore"
    },
    {
        "district": "Vellore",
        "name": "Government Headquarters Hospital, Wallajah",
        "location": "Walajah",
        "phone": "",
        "map_url": "https://www.google.com/maps/search/Government+Headquarters+Hospital+Walajah"
    },
    {
        "district": "Vellore",
        "name": "Government Hospital, Tirupathur",
        "location": "Tirupathur",
        "phone": "",
        "map_url": "https://www.google.com/maps/search/Government+Hospital+Tirupathur"
    },
    {
        "district": "Vellore",
        "name": "Government Hospital, Gudiyatham",
        "location": "Gudiyatham",
        "phone": "",
        "map_url": "https://www.google.com/maps/search/Government+Hospital+Gudiyatham"
    },
    {
        "district": "Vellore",
        "name": "Government Hospital, Ambur",
        "location": "Ambur",
        "phone": "",
        "map_url": "https://www.google.com/maps/search/Government+Hospital+Ambur"
    },
    {
        "district": "Vellore",
        "name": "Government Hospital, Arakkonam",
        "location": "Arakkonam",
        "phone": "",
        "map_url": "https://www.google.com/maps/search/Government+Hospital+Arakkonam"
    },
    {
        "district": "Vellore",
        "name": "Government Hospital, Vaniyambadi",
        "location": "Vaniyambadi",
        "phone": "",
        "map_url": "https://www.google.com/maps/search/Government+Hospital+Vaniyambadi"
    },
    {
        "district": "Villupuram",
        "name": "Government Medical College Hospital Villupuram",
        "location": "Villupuram",
        "phone": "",
        "map_url": "https://www.google.com/maps/search/Government+Medical+College+Hospital+Villupuram"
    },
    {
        "district": "Villupuram",
        "name": "Government Hospital, Tindivanam",
        "location": "Tindivanam",
        "phone": "",
        "map_url": "https://www.google.com/maps/search/Government+Hospital+Tindivanam"
    },
    {
        "district": "Villupuram",
        "name": "Government Headquarters Hospital, Kallakurichi",
        "location": "Kallakurichi",
        "phone": "",
        "map_url": "https://www.google.com/maps/search/Government+Headquarters+Hospital+Kallakurichi"
    },
    {
        "district": "Virudhunagar",
        "name": "Government Hospital, Sivakasi",
        "location": "Sivakasi",
        "phone": "",
        "map_url": "https://www.google.com/maps/search/Government+Hospital+Sivakasi"
    },
    {
        "district": "Virudhunagar",
        "name": "Government Hospital, Rajapalayam",
        "location": "Rajapalayam",
        "phone": "",
        "map_url": "https://www.google.com/maps/search/Government+Hospital+Rajapalayam"
    },
    {
        "district": "Virudhunagar",
        "name": "Government Headquarters Hospital, Virudhunagar",
        "location": "Virudhunagar",
        "phone": "",
        "map_url": "https://www.google.com/maps/search/Government+Headquarters+Hospital+Virudhunagar"
    },
    {
        "district": "Virudhunagar",
        "name": "Government Hospital, Aruppukottai",
        "location": "Aruppukottai",
        "phone": "",
        "map_url": "https://www.google.com/maps/search/Government+Hospital+Aruppukottai"
    }
]